{
 "build_rss_gb": 9.323388,
 "canary_loss": 4.707749366760254,
 "d_smoke": 0.0,
 "d_ref": 0.022778987884521484,
 "steps": [
  4.952884674072266,
  3.2911155223846436
 ],
 "cuda_peak_gb": 6.074896896
}