{
 "olmoe_gu": {
  "N": 2048,
  "K": 2048,
  "best_ms": 0.22072000056505203,
  "BLOCK_N": 128,
  "warps": 4
 },
 "olmoe_dn": {
  "N": 2048,
  "K": 1024,
  "best_ms": 0.11919999867677689,
  "BLOCK_N": 128,
  "warps": 4
 },
 "qwen_gu": {
  "N": 1536,
  "K": 2048,
  "best_ms": 0.2131360024213791,
  "BLOCK_N": 256,
  "warps": 8
 },
 "qwen_dn": {
  "N": 2048,
  "K": 768,
  "best_ms": 0.10764800012111664,
  "BLOCK_N": 128,
  "warps": 4
 },
 "gemma_gu": {
  "N": 1408,
  "K": 2816,
  "best_ms": 0.2574879974126816,
  "BLOCK_N": 256,
  "warps": 8
 },
 "gemma_dn": {
  "N": 2816,
  "K": 704,
  "best_ms": 0.10347199812531471,
  "BLOCK_N": 256,
  "warps": 8
 },
 "gptoss_gu": {
  "N": 5760,
  "K": 2880,
  "best_ms": 0.2534080147743225,
  "BLOCK_N": 128,
  "warps": 4
 },
 "gptoss_dn": {
  "N": 2880,
  "K": 2880,
  "best_ms": 0.18200000375509262,
  "BLOCK_N": 128,
  "warps": 4
 }
}